﻿{
    "name": "Lakes",
    "version": "0.0.1",
    "tiles": [
        {
            "tile": "water",
            "weight": 0.8,
            "neighbors": {
                "up": [ "water", "down", "downandleft", "downandright", "down_slide_right_water", "down_slide_left_water" ],
                "right": [ "water", "left", "downandleft", "upandleft", "up_slide_left_water", "down_slide_left_water" ],
                "down": [ "water", "up", "upandleft", "upandright", "up_slide_left_water", "up_slide_right_water" ],
                "left": [ "water", "right", "upandright", "downandright", "up_slide_right_water", "down_slide_right_water" ]
            }
        },
        {
            "tile": "down",
            "weight": 1,
            "neighbors": {
                "up": [ "ground" ],
                "right": [ "down", "downleft", "down_slide_left_ground", "downandright", "down_slide_right_water" ],
                "down": [ "water" ],
                "left": [ "down", "downright", "down_slide_right_ground", "downandleft", "down_slide_left_water" ]
            }
        },
        {
            "tile": "downleft",
            "weight": 3,
            "neighbors": {
                "up": [ "ground" ],
                "right": [ "ground" ],
                "down": [ "left", "downandleft", "down_slide_left_water" ],
                "left": [ "down", "downandleft", "down_slide_left_water" ]
            }
        },
        {
            "tile": "downright",
            "weight": 3,
            "neighbors": {
                "up": [ "ground" ],
                "right": [ "down", "downandright", "down_slide_right_water" ],
                "down": [ "right", "downandright", "down_slide_right_water" ],
                "left": [ "ground" ]
            }
        },
        {
            "tile": "ground",
            "weight": 20,
            "neighbors": {
                "up": [ "ground", "up", "upleft", "up_slide_left_ground", "upright" ],
                "right": [ "ground", "right", "downright", "down_slide_right_ground", "upright" ],
                "down": [ "ground", "down", "downleft", "down_slide_left_ground", "downright" ],
                "left": [ "ground", "left", "upleft", "up_slide_left_ground", "downleft" ]
            }
        },
        {
            "tile": "left",
            "weight": 1,
            "neighbors": {
                "up": [ "left", "downleft", "down_slide_left_ground", "upandleft", "up_slide_left_water" ],
                "right": [ "ground" ],
                "down": [ "left", "upleft", "up_slide_left_ground", "downandleft", "down_slide_left_water" ],
                "left": [ "water" ]
            }
        },
        {
            "tile": "right",
            "weight": 1,
            "neighbors": {
                "up": [ "right", "downright", "down_slide_right_ground", "upandright", "up_slide_right_water" ],
                "right": [ "water" ],
                "down": [ "right", "upright", "up_slide_right_ground", "downandright", "down_slide_right_water" ],
                "left": [ "ground" ]
            }
        },
        {
            "tile": "up",
            "weight": 1,
            "neighbors": {
                "up": [ "water" ],
                "right": [ "up", "upleft", "up_slide_left_ground", "upandright", "up_slide_right_water" ],
                "down": [ "ground" ],
                "left": [ "up", "upright", "up_slide_right_ground", "upandleft", "up_slide_left_water" ]
            }
        },
        {
            "tile": "upleft",
            "weight": 3,
            "neighbors": {
                "up": [ "left", "upandleft", "up_slide_left_water" ],
                "right": [ "ground" ],
                "down": [ "ground" ],
                "left": [ "up", "upandleft", "up_slide_left_water" ]
            }
        },
        {
            "tile": "upright",
            "weight": 3,
            "neighbors": {
                "up": [ "right", "upandright", "up_slide_right_water" ],
                "right": [ "up", "upandright", "up_slide_right_water" ],
                "down": [ "ground" ],
                "left": [ "ground" ]
            }
        },
        {
            "tile": "downandleft",
            "weight": 3,
            "neighbors": {
                "up": [ "left", "downleft", "down_slide_left_ground", "upandleft", "up_slide_left_water" ],
                "right": [ "down", "downandright", "downleft", "down_slide_left_ground", "down_slide_right_water" ],
                "down": [ "water", "up" ],
                "left": [ "water", "right" ]
            }
        },
        {
            "tile": "downandright",
            "weight": 3,
            "neighbors": {
                "up": [ "right", "downright", "down_slide_right_ground", "upandright", "up_slide_right_water" ],
                "right": [ "water", "left" ],
                "down": [ "water", "up" ],
                "left": [ "down", "downright", "down_slide_right_ground", "downandleft", "down_slide_left_water" ]
            }
        },
        {
            "tile": "upandleft",
            "weight": 3,
            "neighbors": {
                "up": [ "water", "down" ],
                "right": [ "up", "upleft", "up_slide_left_ground", "upandright", "up_slide_right_water" ],
                "down": [ "left", "upleft", "up_slide_left_ground", "downandleft", "down_slide_left_water" ],
                "left": [ "water", "right" ]
            }
        },
        {
            "tile": "upandright",
            "weight": 3,
            "neighbors": {
                "up": [ "water", "down" ],
                "right": [ "water", "left" ],
                "down": [ "right", "upright", "up_slide_right_ground", "downandright", "down_slide_right_water" ],
                "left": [ "up", "upright", "up_slide_right_ground", "upandleft", "up_slide_left_water" ]
            }
        },
        {
            "tile": "down_slide_left_water",
            "weight": 3,
            "neighbors": {
                "up": [ "left", "downleft", "down_slide_left_ground", "upandleft", "up_slide_left_water" ],
                "right": [ "down", "downandright", "down_slide_right_water", "downleft" ],
                "down": [ "water", "up" ],
                "left": [ "water", "right" ]
            }
        },
        {
            "tile": "down_slide_right_water",
            "weight": 3,
            "neighbors": {
                "up": [ "right", "downright", "down_slide_right_ground", "upandright", "up_slide_right_water" ],
                "right": [ "water", "left" ],
                "down": [ "water", "up" ],
                "left": [ "down", "downright", "down_slide_right_ground", "downandleft", "down_slide_left_water" ]
            }
        },
        {
            "tile": "up_slide_left_water",
            "weight": 3,
            "neighbors": {
                "up": [ "water", "down" ],
                "right": [ "up", "upleft", "up_slide_left_ground", "upandright", "up_slide_right_water" ],
                "down": [ "left", "upleft", "up_slide_left_ground", "downandleft", "down_slide_left_water" ],
                "left": [ "water", "right" ]
            }
        },
        {
            "tile": "up_slide_right_water",
            "weight": 3,
            "neighbors": {
                "up": [ "water", "down" ],
                "right": [ "water", "left" ],
                "down": [ "right", "upright", "up_slide_right_ground", "downandright", "down_slide_right_water" ],
                "left": [ "up", "upright", "up_slide_right_ground", "upandleft", "up_slide_left_water" ]
            }
        },

















        {
            "tile": "down_slide_left_ground",
            "weight": 5,
            "neighbors": {
                "up": [ "ground" ],
                "right": [ "ground" ],
                "down": [ "left", "downandleft", "down_slide_left_water" ],
                "left": [ "down", "downandleft", "down_slide_left_water" ]
            }
        },
        {
            "tile": "down_slide_right_ground",
            "weight": 5,
            "neighbors": {
                "up": [ "ground" ],
                "right": [ "down", "downandright", "down_slide_right_water" ],
                "down": [ "right", "downandright", "down_slide_right_water" ],
                "left": [ "ground" ]
            }
        },
        {
            "tile": "up_slide_left_ground",
            "weight": 5,
            "neighbors": {
                "up": [ "left", "upandleft", "up_slide_left_water" ],
                "right": [ "ground" ],
                "down": [ "ground" ],
                "left": [ "up", "upandleft", "up_slide_left_water" ]
            }
        },
        {
            "tile": "up_slide_right_ground",
            "weight": 5,
            "neighbors": {
                "up": [ "right", "upandright", "up_slide_right_water" ],
                "right": [ "up", "upandright", "up_slide_right_water" ],
                "down": [ "ground" ],
                "left": [ "ground" ]
            }
        }
    ]
}
