﻿{
    "name": "Lakes",
    "version": "0.0.1",
    "tiles": [
        {
            "tile": "water",
            "neighbors": {
                "up": [ "water", "down" ],
                "right": [ "water", "left" ],
                "down": [ "water", "up" ],
                "left": [ "water", "right" ]
            }
        },
        {
            "tile": "down",
            "neighbors": {
                "up": [ "ground", "up" ],
                "right": [ "down", "downleft", "downandright" ],
                "down": [ "water", "up" ],
                "left": [ "down", "downright", "downandleft" ]
            }
        },
        {
            "tile": "downleft",
            "neighbors": {
                "up": [ "ground" ],
                "right": [ "ground" ],
                "down": [ "left", "downandleft" ],
                "left": [ "down", "downandleft" ]
            }
        },
        {
            "tile": "downright",
            "neighbors": {
                "up": [ "ground" ],
                "right": [ "down", "downandright" ],
                "down": [ "right", "downandright" ],
                "left": [ "ground" ]
            }
        },
        {
            "tile": "ground",
            "neighbors": {
                "up": [ "ground", "up", "upleft", "upright" ],
                "right": [ "ground", "right", "downright", "upright" ],
                "down": [ "ground", "down", "downleft", "downright" ],
                "left": [ "ground", "left", "upleft", "downleft" ]
            }
        },
        {
            "tile": "left",
            "neighbors": {
                "up": [ "left", "downleft", "upandleft" ],
                "right": [ "ground", "right" ],
                "down": [ "left", "upleft", "downandleft" ],
                "left": [ "water", "right" ]
            }
        },
        {
            "tile": "right",
            "neighbors": {
                "up": [ "right", "downright", "upandright" ],
                "right": [ "water", "left" ],
                "down": [ "right", "upright", "downandright" ],
                "left": [ "ground", "left" ]
            }
        },
        {
            "tile": "up",
            "neighbors": {
                "up": [ "water", "down" ],
                "right": [ "up", "upleft", "upandright" ],
                "down": [ "ground", "down" ],
                "left": [ "up", "upright", "upandleft" ]
            }
        },
        {
            "tile": "upleft",
            "neighbors": {
                "up": [ "left", "upandleft" ],
                "right": [ "ground" ],
                "down": [ "ground" ],
                "left": [ "up", "upandleft" ]
            }
        },
        {
            "tile": "upright",
            "neighbors": {
                "up": [ "right", "upandright" ],
                "right": [ "up", "upandright" ],
                "down": [ "ground" ],
                "left": [ "ground" ]
            }
        },
        {
            "tile": "downandleft",
            "neighbors": {
                "up": [ "left", "downleft" ],
                "right": [ "down", "downleft" ],
                "down": [ "water" ],
                "left": [ "water" ]
            }
        },
        {
            "tile": "downandright",
            "neighbors": {
                "up": [ "right", "downright" ],
                "right": [ "water" ],
                "down": [ "water" ],
                "left": [ "down", "downright" ]
            }
        },
        {
            "tile": "upandleft",
            "neighbors": {
                "up": [ "water" ],
                "right": [ "up", "upleft" ],
                "down": [ "left", "upleft" ],
                "left": [ "water" ]
            }
        },
        {
            "tile": "upandright",
            "neighbors": {
                "up": [ "water" ],
                "right": [ "water" ],
                "down": [ "right", "upright" ],
                "left": [ "up", "upright" ]
            }
        }
    ]
}
